{
  "TF-IDF": {
    "same_mean": 0.01609419674202592,
    "same_std": 0.019582822886970296,
    "same_median": 0.010019499903368579,
    "diff_mean": 0.012101818720458703,
    "diff_std": 0.017339362049116312,
    "diff_median": 0.0052222350832594865,
    "separability": 0.003992378021567218
  },
  "Word2Vec": {
    "same_mean": 0.9158792028237414,
    "same_std": 0.04497020843989112,
    "same_median": 0.9274023568258751,
    "diff_mean": 0.90753024602161,
    "diff_std": 0.050228066466563574,
    "diff_median": 0.9190870416806183,
    "separability": 0.008348956802131324
  },
  "SBERT": {
    "same_mean": 0.8156024059766213,
    "same_std": 0.02981319390089341,
    "same_median": 0.8136637725526018,
    "diff_mean": 0.8027931312358042,
    "diff_std": 0.028025545128696323,
    "diff_median": 0.8002465346380514,
    "separability": 0.012809274740817056
  }
}